Product_SKU,Product_Key
SKU-27,1
SKU-390,2
SKU-41,3
SKU-447,4
SKU-356,5
SKU-7,6
SKU-117,7
SKU-22,8
SKU-378,9
SKU-101,10
SKU-266,11
SKU-98,12
SKU-397,13
SKU-367,14
SKU-445,15
SKU-227,16
SKU-239,17
SKU-485,18
SKU-332,19
SKU-104,20
SKU-403,21
SKU-408,22
SKU-435,23
SKU-193,24
SKU-137,25
SKU-133,26
SKU-331,27
SKU-286,28
SKU-184,29
SKU-162,30
SKU-278,31
SKU-68,32
,33
SKU-375,34
SKU-229,35
SKU-38,36
SKU-224,37
SKU-17,38
SKU-200,39
SKU-471,40
SKU-151,41
SKU-353,42
SKU-75,43
SKU-5,44
SKU-221,45
SKU-405,46
SKU-296,47
SKU-382,48
SKU-26,49
SKU-361,50
SKU-198,51
SKU-401,52
SKU-246,53
SKU-175,54
SKU-409,55
SKU-374,56
SKU-204,57
SKU-341,58
SKU-186,59
SKU-52,60
SKU-385,61
SKU-148,62
SKU-202,63
SKU-203,64
SKU-318,65
SKU-91,66
SKU-396,67
SKU-220,68
SKU-2,69
SKU-366,70
SKU-30,71
SKU-422,72
SKU-9,73
SKU-18,74
SKU-465,75
SKU-231,76
SKU-282,77
SKU-498,78
SKU-315,79
SKU-347,80
SKU-230,81
SKU-16,82
SKU-251,83
SKU-191,84
SKU-417,85
SKU-475,86
SKU-274,87
SKU-305,88
SKU-355,89
SKU-460,90
SKU-116,91
SKU-295,92
SKU-438,93
SKU-289,94
SKU-491,95
SKU-421,96
SKU-118,97
SKU-349,98
SKU-169,99
SKU-424,100
SKU-380,101
SKU-223,102
SKU-155,103
SKU-455,104
SKU-428,105
SKU-440,106
SKU-53,107
SKU-34,108
SKU-351,109
SKU-291,110
SKU-190,111
SKU-365,112
SKU-430,113
SKU-64,114
SKU-449,115
SKU-39,116
SKU-129,117
SKU-472,118
SKU-172,119
SKU-477,120
SKU-11,121
SKU-292,122
SKU-36,123
SKU-218,124
SKU-86,125
SKU-271,126
SKU-240,127
SKU-182,128
SKU-150,129
SKU-410,130
SKU-358,131
SKU-262,132
SKU-167,133
SKU-107,134
SKU-478,135
SKU-214,136
SKU-215,137
SKU-23,138
SKU-49,139
SKU-62,140
SKU-437,141
SKU-379,142
SKU-66,143
SKU-81,144
SKU-464,145
SKU-69,146
SKU-307,147
SKU-171,148
SKU-488,149
SKU-245,150
SKU-346,151
SKU-195,152
SKU-495,153
SKU-54,154
SKU-163,155
SKU-338,156
SKU-6,157
SKU-429,158
SKU-264,159
SKU-121,160
SKU-497,161
SKU-103,162
SKU-473,163
SKU-253,164
SKU-196,165
SKU-132,166
SKU-55,167
SKU-287,168
SKU-469,169
SKU-466,170
SKU-415,171
SKU-267,172
SKU-252,173
SKU-102,174
SKU-443,175
SKU-393,176
SKU-363,177
SKU-37,178
SKU-309,179
SKU-451,180
SKU-337,181
SKU-138,182
SKU-249,183
SKU-119,184
SKU-35,185
SKU-47,186
SKU-423,187
SKU-328,188
SKU-335,189
SKU-306,190
SKU-461,191
SKU-416,192
SKU-373,193
SKU-76,194
SKU-273,195
SKU-109,196
SKU-57,197
SKU-431,198
SKU-439,199
SKU-411,200
SKU-159,201
SKU-144,202
SKU-258,203
SKU-12,204
SKU-154,205
SKU-434,206
SKU-499,207
SKU-105,208
SKU-179,209
SKU-288,210
SKU-160,211
SKU-427,212
SKU-272,213
SKU-208,214
SKU-298,215
SKU-263,216
SKU-419,217
SKU-391,218
SKU-487,219
SKU-481,220
SKU-492,221
SKU-369,222
SKU-441,223
SKU-96,224
SKU-348,225
SKU-141,226
SKU-44,227
SKU-177,228
SKU-156,229
SKU-77,230
SKU-344,231
SKU-383,232
SKU-463,233
SKU-317,234
SKU-489,235
SKU-480,236
SKU-238,237
SKU-394,238
SKU-236,239
SKU-412,240
SKU-48,241
SKU-316,242
SKU-362,243
SKU-63,244
SKU-387,245
SKU-110,246
SKU-371,247
SKU-114,248
SKU-448,249
SKU-442,250
SKU-283,251
SKU-113,252
SKU-170,253
SKU-257,254
SKU-161,255
SKU-402,256
SKU-209,257
SKU-313,258
SKU-386,259
SKU-462,260
SKU-127,261
SKU-205,262
SKU-389,263
SKU-188,264
SKU-83,265
SKU-340,266
SKU-122,267
SKU-189,268
SKU-312,269
SKU-124,270
SKU-372,271
SKU-294,272
SKU-65,273
SKU-360,274
SKU-194,275
SKU-277,276
SKU-181,277
SKU-58,278
SKU-78,279
SKU-24,280
SKU-323,281
SKU-322,282
SKU-242,283
SKU-327,284
SKU-232,285
SKU-211,286
SKU-51,287
SKU-406,288
SKU-329,289
SKU-45,290
SKU-185,291
SKU-43,292
SKU-432,293
SKU-259,294
SKU-197,295
SKU-482,296
SKU-56,297
SKU-255,298
SKU-123,299
SKU-302,300
SKU-496,301
SKU-1,302
SKU-99,303
SKU-139,304
SKU-364,305
SKU-352,306
SKU-4,307
SKU-458,308
SKU-494,309
SKU-187,310
SKU-290,311
SKU-456,312
SKU-168,313
SKU-342,314
SKU-213,315
SKU-334,316
SKU-92,317
SKU-74,318
SKU-97,319
SKU-157,320
SKU-31,321
SKU-173,322
SKU-399,323
SKU-212,324
SKU-88,325
SKU-166,326
SKU-483,327
SKU-490,328
SKU-14,329
SKU-321,330
SKU-234,331
SKU-476,332
SKU-254,333
SKU-260,334
SKU-404,335
SKU-244,336
SKU-330,337
SKU-468,338
SKU-42,339
SKU-115,340
SKU-61,341
SKU-326,342
SKU-418,343
SKU-87,344
SKU-336,345
SKU-19,346
SKU-142,347
SKU-248,348
SKU-444,349
SKU-112,350
SKU-93,351
SKU-333,352
SKU-134,353
SKU-339,354
SKU-136,355
SKU-459,356
SKU-201,357
SKU-128,358
SKU-474,359
SKU-222,360
SKU-407,361
SKU-420,362
SKU-15,363
SKU-311,364
SKU-140,365
SKU-71,366
SKU-281,367
SKU-13,368
SKU-484,369
SKU-446,370
SKU-256,371
SKU-250,372
SKU-60,373
SKU-89,374
SKU-275,375
SKU-40,376
SKU-29,377
SKU-381,378
SKU-125,379
SKU-84,380
SKU-247,381
SKU-426,382
SKU-300,383
SKU-108,384
SKU-192,385
SKU-308,386
SKU-228,387
SKU-20,388
SKU-21,389
SKU-131,390
SKU-436,391
SKU-152,392
SKU-285,393
SKU-237,394
SKU-268,395
SKU-345,396
SKU-149,397
SKU-8,398
SKU-226,399
SKU-216,400
SKU-269,401
SKU-467,402
SKU-433,403
SKU-500,404
SKU-32,405
SKU-79,406
SKU-90,407
SKU-301,408
SKU-126,409
SKU-178,410
SKU-320,411
SKU-111,412
SKU-3,413
SKU-479,414
SKU-25,415
SKU-350,416
SKU-377,417
SKU-284,418
SKU-183,419
SKU-100,420
SKU-279,421
SKU-303,422
SKU-486,423
SKU-241,424
SKU-217,425
SKU-368,426
SKU-174,427
SKU-452,428
SKU-493,429
SKU-33,430
SKU-243,431
SKU-145,432
SKU-67,433
SKU-370,434
SKU-304,435
SKU-206,436
SKU-359,437
SKU-235,438
SKU-165,439
SKU-343,440
SKU-180,441
SKU-265,442
SKU-457,443
SKU-80,444
SKU-425,445
SKU-176,446
SKU-50,447
SKU-28,448
SKU-299,449
SKU-72,450
SKU-324,451
SKU-207,452
SKU-357,453
SKU-120,454
SKU-280,455
SKU-354,456
SKU-384,457
SKU-143,458
SKU-395,459
SKU-106,460
SKU-10,461
SKU-376,462
SKU-470,463
SKU-270,464
SKU-164,465
SKU-82,466
SKU-400,467
SKU-325,468
SKU-210,469
SKU-147,470
SKU-158,471
SKU-219,472
SKU-276,473
SKU-310,474
SKU-453,475
SKU-261,476
SKU-297,477
SKU-59,478
SKU-413,479
SKU-153,480
SKU-233,481
SKU-319,482
SKU-130,483
SKU-94,484
SKU-225,485
SKU-398,486
SKU-450,487
SKU-314,488
SKU-388,489
SKU-73,490
SKU-85,491
SKU-199,492
SKU-392,493
SKU-70,494
SKU-454,495
SKU-135,496
SKU-95,497
SKU-46,498
SKU-146,499
SKU-414,500
SKU-293,501
